<?xml version="1.0" encoding="UTF-8" ?>
<!DOCTYPE mapper
        PUBLIC "-//mybatis.org//DTD Mapper 3.0//EN"
        "http://mybatis.org/dtd/mybatis-3-mapper.dtd">
<!--Mapper인터페이스와 정확히 일치하는 경로 지정-->
<mapper namespace="org.scoula.security.account.mapper.UserDetailsMapper">

    <resultMap id="authMap" type="AuthVO">
        <result property="username" column="username"/>
        <result property="auth" column="auth"/>
    </resultMap>

    <resultMap id="memberMap" type="MemberVO">
        <id property="username" column="username"/>
        <result property="password" column="password"/>
        <result property="email" column="email"/>
        <result property="regDate" column="reg_date"/>
        <result property="updateDate" column="update_date"/>

        <collection property="authList" resultMap="authMap"/>
    </resultMap>

    <select id="get" resultMap="memberMap">
        select m.username, password, email, reg_date, update_date, auth
        from tbl_member m
            left outer join tbl_member_auth a
        on m.username =a.username
        where m.username = #{username} </select>
</mapper>