<?xml version="1.0" encoding="UTF-8"?>
<Configuration> <!-- Appender, Layout 설정-->
    <Appenders>
        <Console name="console" target="SYSTEM_OUT">
            <PatternLayout charset="UTF-8" pattern=" %-5level %c(%M:%L) - %m%n"/>
        </Console>
    </Appenders> <!-- Logger 설정-->
    <Loggers>
        <Root level="INFO">
            <AppenderRef ref="console"/>
        </Root>
        <Logger name="org.scoula" level="INFO" additivity="false">
            <AppenderRef ref="console"/>
        </Logger>
        <Logger name="org.springframework" level="INFO" additivity="false">
            <AppenderRef ref="console"/>
        </Logger>
        <Logger name="jdbc" level="WARN" additivity="false">
            <AppenderRef ref="console"/>
        </Logger>
        <Logger name="jdbc.sqlonly" level="INFO" additivity="false">
            <AppenderRef ref="console"/>
        </Logger>
    </Loggers>
</Configuration>